student_id,module_id,pacing_score,cohesion_score,energy_score
STU_1001,MOD_01,slow,clear,high
STU_1001,MOD_02,rushed,clear,high
STU_1001,MOD_03,optimal,clear,moderate
STU_1001,MOD_04,rushed,fragmented,moderate
STU_1001,MOD_05,optimal,clear,high
STU_1001,MOD_06,optimal,clear,moderate
STU_1002,MOD_01,optimal,clear,high
STU_1002,MOD_02,optimal,clear,moderate
STU_1002,MOD_03,rushed,clear,high
STU_1002,MOD_04,rushed,confused,high
STU_1002,MOD_05,rushed,fragmented,depleted
STU_1002,MOD_06,optimal,clear,high
STU_1003,MOD_01,optimal,clear,high
STU_1003,MOD_02,rushed,confused,high
STU_1003,MOD_03,optimal,clear,high
STU_1003,MOD_04,optimal,clear,depleted
STU_1003,MOD_05,optimal,fragmented,depleted
STU_1003,MOD_06,optimal,confused,high
STU_1004,MOD_01,rushed,clear,high
STU_1004,MOD_02,optimal,confused,high
STU_1004,MOD_03,rushed,clear,high
STU_1004,MOD_04,optimal,clear,depleted
STU_1004,MOD_05,optimal,clear,high
STU_1004,MOD_06,optimal,clear,moderate
STU_1005,MOD_01,rushed,clear,high
STU_1005,MOD_02,optimal,clear,high
STU_1005,MOD_03,rushed,clear,high
STU_1005,MOD_04,optimal,confused,depleted
STU_1005,MOD_05,optimal,clear,moderate
STU_1005,MOD_06,optimal,clear,moderate
STU_1006,MOD_01,optimal,clear,high
STU_1006,MOD_02,rushed,clear,high
STU_1006,MOD_03,rushed,clear,moderate
STU_1006,MOD_04,rushed,clear,moderate
STU_1006,MOD_05,optimal,clear,high
STU_1006,MOD_06,rushed,confused,moderate
STU_1007,MOD_01,optimal,confused,high
STU_1007,MOD_02,optimal,clear,moderate
STU_1007,MOD_03,optimal,clear,high
STU_1007,MOD_04,rushed,clear,moderate
STU_1007,MOD_05,optimal,clear,moderate
STU_1007,MOD_06,optimal,clear,high
STU_1008,MOD_01,optimal,clear,high
STU_1008,MOD_02,optimal,clear,depleted
STU_1008,MOD_03,slow,clear,high
STU_1008,MOD_04,rushed,clear,high
STU_1008,MOD_05,optimal,clear,high
STU_1008,MOD_06,optimal,confused,high
STU_1009,MOD_01,optimal,fragmented,high
STU_1009,MOD_02,optimal,clear,high
STU_1009,MOD_03,optimal,clear,high
STU_1009,MOD_04,optimal,clear,high
STU_1009,MOD_05,optimal,clear,high
STU_1009,MOD_06,rushed,clear,moderate
STU_1010,MOD_01,optimal,clear,high
STU_1010,MOD_02,rushed,clear,high
STU_1010,MOD_03,optimal,clear,high
STU_1010,MOD_04,rushed,fragmented,depleted
STU_1010,MOD_05,optimal,confused,moderate
STU_1010,MOD_06,optimal,clear,high
STU_1011,MOD_01,optimal,confused,high
STU_1011,MOD_02,optimal,clear,moderate
STU_1011,MOD_03,optimal,confused,moderate
STU_1011,MOD_04,optimal,clear,high
STU_1011,MOD_05,optimal,confused,high
STU_1011,MOD_06,rushed,clear,high
STU_1012,MOD_01,optimal,clear,moderate
STU_1012,MOD_02,optimal,clear,high
STU_1012,MOD_03,rushed,clear,high
STU_1012,MOD_04,optimal,confused,moderate
STU_1012,MOD_05,rushed,clear,high
STU_1012,MOD_06,optimal,fragmented,high
STU_1013,MOD_01,optimal,clear,high
STU_1013,MOD_02,optimal,clear,high
STU_1013,MOD_03,optimal,clear,high
STU_1013,MOD_04,rushed,clear,depleted
STU_1013,MOD_05,slow,fragmented,moderate
STU_1013,MOD_06,rushed,confused,moderate
STU_1014,MOD_01,slow,confused,high
STU_1014,MOD_02,optimal,confused,high
STU_1014,MOD_03,rushed,clear,moderate
STU_1014,MOD_04,optimal,clear,high
STU_1014,MOD_05,optimal,fragmented,high
STU_1014,MOD_06,optimal,confused,depleted
STU_1015,MOD_01,optimal,clear,high
STU_1015,MOD_02,optimal,confused,moderate
STU_1015,MOD_03,optimal,clear,high
STU_1015,MOD_04,optimal,confused,moderate
STU_1015,MOD_05,optimal,confused,high
STU_1015,MOD_06,optimal,clear,moderate
STU_1016,MOD_01,optimal,clear,high
STU_1016,MOD_02,optimal,clear,high
STU_1016,MOD_03,optimal,clear,high
STU_1016,MOD_04,optimal,confused,high
STU_1016,MOD_05,optimal,clear,high
STU_1016,MOD_06,optimal,clear,moderate
STU_1017,MOD_01,slow,clear,high
STU_1017,MOD_02,optimal,clear,high
STU_1017,MOD_03,rushed,clear,depleted
STU_1017,MOD_04,optimal,confused,moderate
STU_1017,MOD_05,rushed,clear,high
STU_1017,MOD_06,optimal,clear,moderate
STU_1018,MOD_01,slow,clear,high
STU_1018,MOD_02,optimal,clear,high
STU_1018,MOD_03,rushed,clear,high
STU_1018,MOD_04,rushed,clear,high
STU_1018,MOD_05,optimal,confused,moderate
STU_1018,MOD_06,rushed,clear,moderate
STU_1019,MOD_01,optimal,clear,high
STU_1019,MOD_02,optimal,clear,high
STU_1019,MOD_03,optimal,clear,moderate
STU_1019,MOD_04,optimal,clear,high
STU_1019,MOD_05,optimal,clear,moderate
STU_1019,MOD_06,optimal,clear,high
STU_1020,MOD_01,optimal,clear,moderate
STU_1020,MOD_02,optimal,fragmented,moderate
STU_1020,MOD_03,rushed,clear,high
STU_1020,MOD_04,rushed,clear,moderate
STU_1020,MOD_05,rushed,clear,moderate
STU_1020,MOD_06,rushed,confused,high
STU_1021,MOD_01,optimal,clear,moderate
STU_1021,MOD_02,optimal,confused,high
STU_1021,MOD_03,rushed,clear,moderate
STU_1021,MOD_04,slow,clear,high
STU_1021,MOD_05,optimal,clear,depleted
STU_1021,MOD_06,optimal,clear,moderate
STU_1022,MOD_01,rushed,confused,high
STU_1022,MOD_02,optimal,clear,moderate
STU_1022,MOD_03,rushed,clear,moderate
STU_1022,MOD_04,rushed,clear,depleted
STU_1022,MOD_05,slow,clear,moderate
STU_1022,MOD_06,optimal,clear,high
STU_1023,MOD_01,optimal,clear,moderate
STU_1023,MOD_02,rushed,clear,high
STU_1023,MOD_03,optimal,clear,moderate
STU_1023,MOD_04,rushed,clear,high
STU_1023,MOD_05,optimal,confused,high
STU_1023,MOD_06,rushed,clear,high
STU_1024,MOD_01,optimal,clear,high
STU_1024,MOD_02,slow,clear,high
STU_1024,MOD_03,optimal,confused,depleted
STU_1024,MOD_04,optimal,clear,high
STU_1024,MOD_05,optimal,clear,moderate
STU_1024,MOD_06,optimal,clear,moderate
STU_1025,MOD_01,optimal,clear,high
STU_1025,MOD_02,rushed,clear,moderate
STU_1025,MOD_03,optimal,fragmented,high
STU_1025,MOD_04,rushed,confused,high
STU_1025,MOD_05,slow,clear,depleted
STU_1025,MOD_06,rushed,confused,moderate
STU_1026,MOD_01,rushed,clear,depleted
STU_1026,MOD_02,optimal,clear,moderate
STU_1026,MOD_03,rushed,clear,high
STU_1026,MOD_04,optimal,clear,moderate
STU_1026,MOD_05,slow,confused,moderate
STU_1026,MOD_06,optimal,clear,high
STU_1027,MOD_01,optimal,clear,high
STU_1027,MOD_02,slow,fragmented,moderate
STU_1027,MOD_03,optimal,clear,moderate
STU_1027,MOD_04,optimal,clear,depleted
STU_1027,MOD_05,optimal,fragmented,moderate
STU_1027,MOD_06,optimal,clear,depleted
STU_1028,MOD_01,rushed,clear,high
STU_1028,MOD_02,optimal,fragmented,high
STU_1028,MOD_03,rushed,clear,depleted
STU_1028,MOD_04,optimal,confused,moderate
STU_1028,MOD_05,optimal,clear,high
STU_1028,MOD_06,optimal,confused,depleted
STU_1029,MOD_01,optimal,clear,moderate
STU_1029,MOD_02,optimal,clear,high
STU_1029,MOD_03,rushed,fragmented,high
STU_1029,MOD_04,rushed,confused,moderate
STU_1029,MOD_05,optimal,clear,moderate
STU_1029,MOD_06,optimal,clear,moderate
STU_1030,MOD_01,optimal,clear,moderate
STU_1030,MOD_02,optimal,clear,high
STU_1030,MOD_03,optimal,clear,moderate
STU_1030,MOD_04,rushed,clear,high
STU_1030,MOD_05,optimal,clear,moderate
STU_1030,MOD_06,optimal,confused,moderate
STU_1031,MOD_01,optimal,clear,high
STU_1031,MOD_02,optimal,confused,high
STU_1031,MOD_03,optimal,clear,high
STU_1031,MOD_04,optimal,fragmented,moderate
STU_1031,MOD_05,optimal,confused,high
STU_1031,MOD_06,rushed,clear,high
STU_1032,MOD_01,rushed,clear,high
STU_1032,MOD_02,optimal,confused,high
STU_1032,MOD_03,optimal,clear,high
STU_1032,MOD_04,rushed,clear,high
STU_1032,MOD_05,rushed,clear,high
STU_1032,MOD_06,optimal,clear,high
STU_1033,MOD_01,optimal,clear,moderate
STU_1033,MOD_02,optimal,clear,moderate
STU_1033,MOD_03,optimal,clear,high
STU_1033,MOD_04,optimal,confused,high
STU_1033,MOD_05,optimal,clear,moderate
STU_1033,MOD_06,optimal,clear,moderate
STU_1034,MOD_01,rushed,clear,moderate
STU_1034,MOD_02,optimal,clear,high
STU_1034,MOD_03,rushed,clear,high
STU_1034,MOD_04,rushed,clear,high
STU_1034,MOD_05,rushed,clear,high
STU_1034,MOD_06,optimal,clear,depleted
STU_1035,MOD_01,optimal,clear,high
STU_1035,MOD_02,rushed,clear,high
STU_1035,MOD_03,optimal,clear,high
STU_1035,MOD_04,rushed,clear,moderate
STU_1035,MOD_05,optimal,clear,depleted
STU_1035,MOD_06,optimal,clear,high
STU_1036,MOD_01,optimal,clear,high
STU_1036,MOD_02,optimal,clear,moderate
STU_1036,MOD_03,rushed,clear,high
STU_1036,MOD_04,slow,clear,high
STU_1036,MOD_05,slow,confused,moderate
STU_1036,MOD_06,optimal,clear,moderate
STU_1037,MOD_01,optimal,clear,high
STU_1037,MOD_02,optimal,clear,high
STU_1037,MOD_03,rushed,clear,high
STU_1037,MOD_04,rushed,confused,moderate
STU_1037,MOD_05,optimal,clear,moderate
STU_1037,MOD_06,optimal,clear,moderate
STU_1038,MOD_01,rushed,fragmented,high
STU_1038,MOD_02,optimal,clear,moderate
STU_1038,MOD_03,optimal,clear,high
STU_1038,MOD_04,rushed,clear,depleted
STU_1038,MOD_05,optimal,fragmented,high
STU_1038,MOD_06,optimal,confused,high
STU_1039,MOD_01,optimal,clear,moderate
STU_1039,MOD_02,rushed,clear,high
STU_1039,MOD_03,rushed,clear,moderate
STU_1039,MOD_04,optimal,clear,high
STU_1039,MOD_05,optimal,clear,moderate
STU_1039,MOD_06,optimal,clear,moderate
STU_1040,MOD_01,optimal,clear,high
STU_1040,MOD_02,optimal,clear,high
STU_1040,MOD_03,optimal,clear,high
STU_1040,MOD_04,optimal,confused,high
STU_1040,MOD_05,rushed,confused,moderate
STU_1040,MOD_06,optimal,confused,moderate
STU_1041,MOD_01,optimal,clear,moderate
STU_1041,MOD_02,rushed,clear,moderate
STU_1041,MOD_03,optimal,clear,moderate
STU_1041,MOD_04,rushed,confused,high
STU_1041,MOD_05,optimal,confused,high
STU_1041,MOD_06,optimal,clear,moderate
STU_1042,MOD_01,optimal,clear,high
STU_1042,MOD_02,optimal,clear,moderate
STU_1042,MOD_03,optimal,clear,high
STU_1042,MOD_04,optimal,clear,moderate
STU_1042,MOD_05,optimal,confused,high
STU_1042,MOD_06,optimal,confused,moderate
STU_1043,MOD_01,optimal,clear,high
STU_1043,MOD_02,optimal,clear,high
STU_1043,MOD_03,optimal,confused,moderate
STU_1043,MOD_04,optimal,clear,depleted
STU_1043,MOD_05,optimal,clear,depleted
STU_1043,MOD_06,optimal,clear,moderate
STU_1044,MOD_01,rushed,clear,moderate
STU_1044,MOD_02,rushed,clear,high
STU_1044,MOD_03,optimal,confused,high
STU_1044,MOD_04,rushed,confused,moderate
STU_1044,MOD_05,optimal,clear,high
STU_1044,MOD_06,rushed,clear,moderate
STU_1045,MOD_01,optimal,clear,high
STU_1045,MOD_02,rushed,clear,high
STU_1045,MOD_03,slow,clear,high
STU_1045,MOD_04,rushed,fragmented,moderate
STU_1045,MOD_05,optimal,clear,depleted
STU_1045,MOD_06,optimal,confused,high
STU_1046,MOD_01,rushed,clear,high
STU_1046,MOD_02,rushed,clear,high
STU_1046,MOD_03,optimal,clear,high
STU_1046,MOD_04,optimal,clear,high
STU_1046,MOD_05,optimal,fragmented,high
STU_1046,MOD_06,optimal,clear,moderate
STU_1047,MOD_01,rushed,clear,moderate
STU_1047,MOD_02,rushed,clear,high
STU_1047,MOD_03,optimal,clear,high
STU_1047,MOD_04,optimal,clear,moderate
STU_1047,MOD_05,optimal,clear,high
STU_1047,MOD_06,optimal,confused,moderate
STU_1048,MOD_01,optimal,clear,high
STU_1048,MOD_02,optimal,clear,high
STU_1048,MOD_03,rushed,clear,high
STU_1048,MOD_04,optimal,clear,depleted
STU_1048,MOD_05,optimal,clear,high
STU_1048,MOD_06,optimal,clear,high
STU_1049,MOD_01,optimal,clear,high
STU_1049,MOD_02,optimal,confused,moderate
STU_1049,MOD_03,rushed,confused,high
STU_1049,MOD_04,optimal,confused,moderate
STU_1049,MOD_05,rushed,clear,moderate
STU_1049,MOD_06,optimal,clear,high
STU_1050,MOD_01,slow,clear,high
STU_1050,MOD_02,optimal,clear,moderate
STU_1050,MOD_03,rushed,clear,high
STU_1050,MOD_04,rushed,confused,depleted
STU_1050,MOD_05,optimal,clear,high
STU_1050,MOD_06,optimal,confused,moderate
STU_1051,MOD_01,optimal,clear,moderate
STU_1051,MOD_02,optimal,clear,high
STU_1051,MOD_03,rushed,clear,moderate
STU_1051,MOD_04,rushed,confused,high
STU_1051,MOD_05,optimal,clear,high
STU_1051,MOD_06,optimal,clear,moderate
STU_1052,MOD_01,optimal,confused,moderate
STU_1052,MOD_02,optimal,clear,high
STU_1052,MOD_03,optimal,clear,high
STU_1052,MOD_04,optimal,clear,moderate
STU_1052,MOD_05,rushed,clear,moderate
STU_1052,MOD_06,optimal,clear,moderate
STU_1053,MOD_01,optimal,clear,moderate
STU_1053,MOD_02,optimal,clear,high
STU_1053,MOD_03,rushed,confused,high
STU_1053,MOD_04,slow,clear,high
STU_1053,MOD_05,optimal,confused,moderate
STU_1053,MOD_06,optimal,clear,moderate
STU_1054,MOD_01,optimal,clear,high
STU_1054,MOD_02,slow,confused,high
STU_1054,MOD_03,optimal,confused,high
STU_1054,MOD_04,rushed,fragmented,high
STU_1054,MOD_05,optimal,clear,depleted
STU_1054,MOD_06,slow,confused,moderate
STU_1055,MOD_01,optimal,clear,moderate
STU_1055,MOD_02,rushed,clear,high
STU_1055,MOD_03,rushed,clear,moderate
STU_1055,MOD_04,rushed,confused,high
STU_1055,MOD_05,optimal,clear,depleted
STU_1055,MOD_06,optimal,clear,depleted
STU_1056,MOD_01,optimal,clear,moderate
STU_1056,MOD_02,rushed,confused,high
STU_1056,MOD_03,optimal,clear,depleted
STU_1056,MOD_04,rushed,confused,moderate
STU_1056,MOD_05,optimal,confused,depleted
STU_1056,MOD_06,slow,clear,moderate
STU_1057,MOD_01,optimal,clear,high
STU_1057,MOD_02,optimal,clear,high
STU_1057,MOD_03,rushed,clear,high
STU_1057,MOD_04,slow,clear,high
STU_1057,MOD_05,optimal,clear,depleted
STU_1057,MOD_06,optimal,clear,moderate
STU_1058,MOD_01,optimal,clear,high
STU_1058,MOD_02,rushed,fragmented,high
STU_1058,MOD_03,optimal,clear,high
STU_1058,MOD_04,rushed,clear,high
STU_1058,MOD_05,optimal,clear,depleted
STU_1058,MOD_06,optimal,clear,depleted
STU_1059,MOD_01,optimal,fragmented,high
STU_1059,MOD_02,optimal,clear,moderate
STU_1059,MOD_03,rushed,confused,high
STU_1059,MOD_04,rushed,clear,moderate
STU_1059,MOD_05,optimal,clear,depleted
STU_1059,MOD_06,optimal,clear,depleted
STU_1060,MOD_01,optimal,confused,moderate
STU_1060,MOD_02,optimal,clear,high
STU_1060,MOD_03,rushed,clear,moderate
STU_1060,MOD_04,rushed,clear,high
STU_1060,MOD_05,optimal,clear,depleted
STU_1060,MOD_06,optimal,clear,moderate
STU_1061,MOD_01,optimal,clear,high
STU_1061,MOD_02,optimal,confused,moderate
STU_1061,MOD_03,optimal,confused,moderate
STU_1061,MOD_04,optimal,confused,moderate
STU_1061,MOD_05,optimal,confused,depleted
STU_1061,MOD_06,rushed,confused,depleted
STU_1062,MOD_01,optimal,clear,high
STU_1062,MOD_02,optimal,clear,moderate
STU_1062,MOD_03,optimal,clear,high
STU_1062,MOD_04,rushed,confused,depleted
STU_1062,MOD_05,optimal,clear,moderate
STU_1062,MOD_06,optimal,clear,high
STU_1063,MOD_01,optimal,fragmented,high
STU_1063,MOD_02,optimal,confused,high
STU_1063,MOD_03,optimal,clear,high
STU_1063,MOD_04,rushed,confused,high
STU_1063,MOD_05,optimal,clear,moderate
STU_1063,MOD_06,rushed,confused,depleted
STU_1064,MOD_01,optimal,clear,moderate
STU_1064,MOD_02,rushed,clear,high
STU_1064,MOD_03,rushed,clear,moderate
STU_1064,MOD_04,rushed,clear,depleted
STU_1064,MOD_05,optimal,clear,high
STU_1064,MOD_06,optimal,clear,high
STU_1065,MOD_01,optimal,clear,high
STU_1065,MOD_02,slow,clear,high
STU_1065,MOD_03,optimal,clear,high
STU_1065,MOD_04,rushed,clear,depleted
STU_1065,MOD_05,optimal,confused,high
STU_1065,MOD_06,optimal,clear,moderate
STU_1066,MOD_01,optimal,clear,depleted
STU_1066,MOD_02,rushed,confused,moderate
STU_1066,MOD_03,optimal,confused,moderate
STU_1066,MOD_04,optimal,clear,high
STU_1066,MOD_05,optimal,confused,moderate
STU_1066,MOD_06,optimal,clear,high
STU_1067,MOD_01,optimal,clear,high
STU_1067,MOD_02,rushed,clear,high
STU_1067,MOD_03,optimal,clear,high
STU_1067,MOD_04,rushed,clear,high
STU_1067,MOD_05,optimal,confused,high
STU_1067,MOD_06,optimal,confused,moderate
STU_1068,MOD_01,optimal,clear,high
STU_1068,MOD_02,slow,clear,high
STU_1068,MOD_03,optimal,clear,high
STU_1068,MOD_04,rushed,clear,moderate
STU_1068,MOD_05,rushed,clear,high
STU_1068,MOD_06,rushed,clear,high
STU_1069,MOD_01,optimal,confused,high
STU_1069,MOD_02,rushed,clear,high
STU_1069,MOD_03,optimal,clear,moderate
STU_1069,MOD_04,rushed,clear,moderate
STU_1069,MOD_05,optimal,confused,moderate
STU_1069,MOD_06,optimal,confused,high
STU_1070,MOD_01,optimal,confused,high
STU_1070,MOD_02,optimal,clear,moderate
STU_1070,MOD_03,rushed,clear,high
STU_1070,MOD_04,rushed,confused,high
STU_1070,MOD_05,slow,clear,high
STU_1070,MOD_06,optimal,clear,moderate
STU_1071,MOD_01,optimal,clear,depleted
STU_1071,MOD_02,slow,clear,high
STU_1071,MOD_03,optimal,clear,high
STU_1071,MOD_04,rushed,clear,depleted
STU_1071,MOD_05,optimal,confused,moderate
STU_1071,MOD_06,optimal,clear,depleted
STU_1072,MOD_01,optimal,clear,high
STU_1072,MOD_02,optimal,clear,moderate
STU_1072,MOD_03,optimal,clear,high
STU_1072,MOD_04,optimal,fragmented,high
STU_1072,MOD_05,optimal,confused,moderate
STU_1072,MOD_06,rushed,clear,depleted
STU_1073,MOD_01,optimal,fragmented,high
STU_1073,MOD_02,optimal,clear,high
STU_1073,MOD_03,optimal,clear,high
STU_1073,MOD_04,rushed,clear,high
STU_1073,MOD_05,optimal,fragmented,high
STU_1073,MOD_06,optimal,clear,moderate
STU_1074,MOD_01,slow,clear,high
STU_1074,MOD_02,rushed,clear,high
STU_1074,MOD_03,rushed,confused,high
STU_1074,MOD_04,rushed,confused,moderate
STU_1074,MOD_05,rushed,clear,high
STU_1074,MOD_06,optimal,clear,moderate
STU_1075,MOD_01,optimal,clear,moderate
STU_1075,MOD_02,optimal,clear,high
STU_1075,MOD_03,rushed,clear,moderate
STU_1075,MOD_04,rushed,clear,moderate
STU_1075,MOD_05,optimal,clear,moderate
STU_1075,MOD_06,rushed,clear,depleted
STU_1076,MOD_01,rushed,fragmented,high
STU_1076,MOD_02,optimal,clear,high
STU_1076,MOD_03,rushed,clear,high
STU_1076,MOD_04,rushed,clear,depleted
STU_1076,MOD_05,optimal,confused,depleted
STU_1076,MOD_06,rushed,clear,moderate
STU_1077,MOD_01,rushed,clear,moderate
STU_1077,MOD_02,optimal,clear,high
STU_1077,MOD_03,rushed,confused,high
STU_1077,MOD_04,rushed,fragmented,moderate
STU_1077,MOD_05,optimal,clear,moderate
STU_1077,MOD_06,optimal,clear,high
STU_1078,MOD_01,slow,clear,depleted
STU_1078,MOD_02,optimal,confused,moderate
STU_1078,MOD_03,optimal,clear,moderate
STU_1078,MOD_04,rushed,clear,moderate
STU_1078,MOD_05,optimal,confused,moderate
STU_1078,MOD_06,optimal,confused,high
STU_1079,MOD_01,rushed,clear,high
STU_1079,MOD_02,optimal,clear,high
STU_1079,MOD_03,rushed,clear,high
STU_1079,MOD_04,rushed,clear,moderate
STU_1079,MOD_05,optimal,confused,moderate
STU_1079,MOD_06,optimal,confused,moderate
STU_1080,MOD_01,rushed,clear,high
STU_1080,MOD_02,optimal,clear,high
STU_1080,MOD_03,optimal,clear,moderate
STU_1080,MOD_04,optimal,fragmented,high
STU_1080,MOD_05,rushed,clear,moderate
STU_1080,MOD_06,optimal,clear,depleted
STU_1081,MOD_01,optimal,clear,high
STU_1081,MOD_02,optimal,clear,high
STU_1081,MOD_03,rushed,confused,high
STU_1081,MOD_04,rushed,confused,moderate
STU_1081,MOD_05,optimal,clear,high
STU_1081,MOD_06,rushed,clear,high
STU_1082,MOD_01,optimal,clear,high
STU_1082,MOD_02,optimal,fragmented,high
STU_1082,MOD_03,optimal,clear,high
STU_1082,MOD_04,optimal,fragmented,moderate
STU_1082,MOD_05,optimal,confused,high
STU_1082,MOD_06,optimal,clear,moderate
STU_1083,MOD_01,optimal,clear,high
STU_1083,MOD_02,optimal,clear,moderate
STU_1083,MOD_03,rushed,clear,high
STU_1083,MOD_04,rushed,clear,moderate
STU_1083,MOD_05,rushed,confused,depleted
STU_1083,MOD_06,optimal,clear,high
STU_1084,MOD_01,optimal,clear,high
STU_1084,MOD_02,optimal,clear,high
STU_1084,MOD_03,slow,clear,moderate
STU_1084,MOD_04,rushed,clear,moderate
STU_1084,MOD_05,optimal,fragmented,high
STU_1084,MOD_06,rushed,clear,moderate
STU_1085,MOD_01,rushed,clear,moderate
STU_1085,MOD_02,rushed,clear,high
STU_1085,MOD_03,rushed,clear,high
STU_1085,MOD_04,rushed,confused,high
STU_1085,MOD_05,optimal,confused,moderate
STU_1085,MOD_06,optimal,clear,high
STU_1086,MOD_01,slow,clear,high
STU_1086,MOD_02,optimal,clear,high
STU_1086,MOD_03,optimal,fragmented,high
STU_1086,MOD_04,optimal,clear,moderate
STU_1086,MOD_05,rushed,clear,moderate
STU_1086,MOD_06,optimal,clear,moderate
STU_1087,MOD_01,optimal,clear,high
STU_1087,MOD_02,slow,confused,high
STU_1087,MOD_03,optimal,clear,high
STU_1087,MOD_04,rushed,confused,high
STU_1087,MOD_05,optimal,confused,depleted
STU_1087,MOD_06,rushed,clear,moderate
STU_1088,MOD_01,rushed,confused,high
STU_1088,MOD_02,optimal,clear,high
STU_1088,MOD_03,optimal,clear,moderate
STU_1088,MOD_04,optimal,fragmented,depleted
STU_1088,MOD_05,optimal,fragmented,high
STU_1088,MOD_06,optimal,clear,depleted
STU_1089,MOD_01,optimal,clear,high
STU_1089,MOD_02,rushed,clear,high
STU_1089,MOD_03,optimal,clear,depleted
STU_1089,MOD_04,rushed,confused,high
STU_1089,MOD_05,optimal,fragmented,moderate
STU_1089,MOD_06,optimal,clear,high
STU_1090,MOD_01,optimal,clear,high
STU_1090,MOD_02,rushed,clear,high
STU_1090,MOD_03,slow,clear,depleted
STU_1090,MOD_04,rushed,clear,moderate
STU_1090,MOD_05,optimal,clear,moderate
STU_1090,MOD_06,optimal,clear,moderate
STU_1091,MOD_01,rushed,clear,high
STU_1091,MOD_02,rushed,fragmented,high
STU_1091,MOD_03,optimal,fragmented,high
STU_1091,MOD_04,rushed,clear,high
STU_1091,MOD_05,rushed,confused,high
STU_1091,MOD_06,optimal,fragmented,moderate
STU_1092,MOD_01,optimal,clear,high
STU_1092,MOD_02,optimal,clear,moderate
STU_1092,MOD_03,rushed,clear,high
STU_1092,MOD_04,rushed,confused,moderate
STU_1092,MOD_05,optimal,clear,moderate
STU_1092,MOD_06,optimal,clear,high
STU_1093,MOD_01,rushed,clear,high
STU_1093,MOD_02,rushed,clear,depleted
STU_1093,MOD_03,optimal,fragmented,high
STU_1093,MOD_04,rushed,clear,moderate
STU_1093,MOD_05,optimal,clear,moderate
STU_1093,MOD_06,rushed,clear,moderate
STU_1094,MOD_01,optimal,clear,high
STU_1094,MOD_02,optimal,confused,depleted
STU_1094,MOD_03,optimal,clear,moderate
STU_1094,MOD_04,rushed,clear,moderate
STU_1094,MOD_05,rushed,fragmented,moderate
STU_1094,MOD_06,optimal,clear,depleted
STU_1095,MOD_01,optimal,clear,high
STU_1095,MOD_02,rushed,clear,high
STU_1095,MOD_03,optimal,clear,high
STU_1095,MOD_04,optimal,clear,high
STU_1095,MOD_05,rushed,fragmented,moderate
STU_1095,MOD_06,optimal,clear,high
STU_1096,MOD_01,optimal,clear,high
STU_1096,MOD_02,rushed,clear,moderate
STU_1096,MOD_03,rushed,clear,high
STU_1096,MOD_04,slow,clear,moderate
STU_1096,MOD_05,optimal,clear,high
STU_1096,MOD_06,rushed,clear,moderate
STU_1097,MOD_01,optimal,clear,depleted
STU_1097,MOD_02,optimal,clear,depleted
STU_1097,MOD_03,optimal,clear,moderate
STU_1097,MOD_04,optimal,confused,high
STU_1097,MOD_05,optimal,fragmented,high
STU_1097,MOD_06,optimal,clear,moderate
STU_1098,MOD_01,optimal,clear,high
STU_1098,MOD_02,rushed,confused,high
STU_1098,MOD_03,rushed,confused,moderate
STU_1098,MOD_04,optimal,fragmented,high
STU_1098,MOD_05,optimal,clear,moderate
STU_1098,MOD_06,optimal,clear,moderate
STU_1099,MOD_01,optimal,fragmented,moderate
STU_1099,MOD_02,rushed,clear,high
STU_1099,MOD_03,optimal,confused,high
STU_1099,MOD_04,optimal,confused,moderate
STU_1099,MOD_05,optimal,clear,moderate
STU_1099,MOD_06,optimal,clear,moderate
STU_1100,MOD_01,optimal,clear,high
STU_1100,MOD_02,optimal,clear,high
STU_1100,MOD_03,optimal,fragmented,high
STU_1100,MOD_04,rushed,confused,high
STU_1100,MOD_05,optimal,confused,moderate
STU_1100,MOD_06,rushed,clear,depleted
STU_1101,MOD_01,rushed,clear,high
STU_1101,MOD_02,optimal,clear,depleted
STU_1101,MOD_03,rushed,clear,high
STU_1101,MOD_04,rushed,confused,depleted
STU_1101,MOD_05,optimal,clear,moderate
STU_1101,MOD_06,optimal,clear,high
STU_1102,MOD_01,optimal,clear,high
STU_1102,MOD_02,optimal,clear,high
STU_1102,MOD_03,optimal,clear,high
STU_1102,MOD_04,rushed,clear,moderate
STU_1102,MOD_05,optimal,confused,moderate
STU_1102,MOD_06,optimal,clear,moderate
STU_1103,MOD_01,rushed,clear,high
STU_1103,MOD_02,optimal,clear,moderate
STU_1103,MOD_03,optimal,clear,high
STU_1103,MOD_04,rushed,clear,high
STU_1103,MOD_05,optimal,clear,moderate
STU_1103,MOD_06,slow,confused,moderate
STU_1104,MOD_01,optimal,clear,high
STU_1104,MOD_02,optimal,confused,high
STU_1104,MOD_03,optimal,clear,high
STU_1104,MOD_04,rushed,clear,high
STU_1104,MOD_05,rushed,confused,high
STU_1104,MOD_06,optimal,clear,depleted
STU_1105,MOD_01,optimal,confused,moderate
STU_1105,MOD_02,rushed,confused,high
STU_1105,MOD_03,optimal,clear,high
STU_1105,MOD_04,optimal,clear,moderate
STU_1105,MOD_05,optimal,confused,high
STU_1105,MOD_06,optimal,clear,moderate
STU_1106,MOD_01,slow,clear,high
STU_1106,MOD_02,optimal,clear,high
STU_1106,MOD_03,optimal,clear,high
STU_1106,MOD_04,optimal,clear,moderate
STU_1106,MOD_05,rushed,clear,high
STU_1106,MOD_06,rushed,confused,high
STU_1107,MOD_01,optimal,clear,moderate
STU_1107,MOD_02,rushed,clear,depleted
STU_1107,MOD_03,optimal,confused,high
STU_1107,MOD_04,rushed,clear,moderate
STU_1107,MOD_05,slow,clear,moderate
STU_1107,MOD_06,rushed,clear,moderate
STU_1108,MOD_01,optimal,clear,high
STU_1108,MOD_02,rushed,clear,high
STU_1108,MOD_03,optimal,clear,high
STU_1108,MOD_04,rushed,confused,depleted
STU_1108,MOD_05,rushed,confused,moderate
STU_1108,MOD_06,rushed,clear,moderate
STU_1109,MOD_01,optimal,confused,moderate
STU_1109,MOD_02,optimal,clear,moderate
STU_1109,MOD_03,optimal,clear,high
STU_1109,MOD_04,optimal,clear,high
STU_1109,MOD_05,optimal,clear,high
STU_1109,MOD_06,rushed,clear,moderate
STU_1110,MOD_01,optimal,confused,moderate
STU_1110,MOD_02,optimal,clear,high
STU_1110,MOD_03,slow,clear,high
STU_1110,MOD_04,rushed,clear,depleted
STU_1110,MOD_05,optimal,clear,high
STU_1110,MOD_06,optimal,confused,high
STU_1111,MOD_01,slow,clear,high
STU_1111,MOD_02,optimal,clear,high
STU_1111,MOD_03,optimal,clear,high
STU_1111,MOD_04,optimal,clear,high
STU_1111,MOD_05,optimal,confused,high
STU_1111,MOD_06,optimal,confused,high
STU_1112,MOD_01,rushed,clear,high
STU_1112,MOD_02,optimal,clear,high
STU_1112,MOD_03,rushed,clear,high
STU_1112,MOD_04,optimal,confused,moderate
STU_1112,MOD_05,slow,clear,depleted
STU_1112,MOD_06,optimal,clear,high
STU_1113,MOD_01,optimal,clear,high
STU_1113,MOD_02,optimal,clear,moderate
STU_1113,MOD_03,optimal,clear,moderate
STU_1113,MOD_04,rushed,confused,depleted
STU_1113,MOD_05,optimal,confused,moderate
STU_1113,MOD_06,optimal,confused,moderate
STU_1114,MOD_01,optimal,confused,high
STU_1114,MOD_02,rushed,clear,moderate
STU_1114,MOD_03,rushed,clear,high
STU_1114,MOD_04,rushed,clear,moderate
STU_1114,MOD_05,optimal,confused,high
STU_1114,MOD_06,optimal,clear,depleted
STU_1115,MOD_01,rushed,clear,high
STU_1115,MOD_02,optimal,clear,high
STU_1115,MOD_03,optimal,clear,moderate
STU_1115,MOD_04,rushed,confused,moderate
STU_1115,MOD_05,optimal,clear,high
STU_1115,MOD_06,rushed,clear,moderate
STU_1116,MOD_01,optimal,clear,moderate
STU_1116,MOD_02,optimal,clear,moderate
STU_1116,MOD_03,optimal,clear,high
STU_1116,MOD_04,rushed,clear,depleted
STU_1116,MOD_05,optimal,clear,depleted
STU_1116,MOD_06,rushed,clear,high
STU_1117,MOD_01,optimal,clear,moderate
STU_1117,MOD_02,optimal,confused,moderate
STU_1117,MOD_03,optimal,clear,depleted
STU_1117,MOD_04,optimal,clear,moderate
STU_1117,MOD_05,optimal,confused,high
STU_1117,MOD_06,optimal,clear,high
STU_1118,MOD_01,rushed,clear,high
STU_1118,MOD_02,optimal,clear,high
STU_1118,MOD_03,optimal,clear,moderate
STU_1118,MOD_04,optimal,confused,moderate
STU_1118,MOD_05,optimal,clear,high
STU_1118,MOD_06,optimal,clear,high
STU_1119,MOD_01,slow,confused,high
STU_1119,MOD_02,rushed,confused,high
STU_1119,MOD_03,rushed,clear,moderate
STU_1119,MOD_04,optimal,confused,depleted
STU_1119,MOD_05,optimal,clear,moderate
STU_1119,MOD_06,optimal,clear,moderate
STU_1120,MOD_01,optimal,clear,high
STU_1120,MOD_02,optimal,clear,moderate
STU_1120,MOD_03,rushed,clear,high
STU_1120,MOD_04,rushed,clear,moderate
STU_1120,MOD_05,slow,confused,moderate
STU_1120,MOD_06,optimal,clear,high
STU_1121,MOD_01,optimal,clear,high
STU_1121,MOD_02,rushed,clear,depleted
STU_1121,MOD_03,rushed,clear,high
STU_1121,MOD_04,optimal,clear,high
STU_1121,MOD_05,optimal,clear,high
STU_1121,MOD_06,optimal,clear,high
STU_1122,MOD_01,optimal,clear,high
STU_1122,MOD_02,optimal,confused,high
STU_1122,MOD_03,rushed,clear,high
STU_1122,MOD_04,rushed,clear,depleted
STU_1122,MOD_05,optimal,confused,depleted
STU_1122,MOD_06,rushed,clear,high
STU_1123,MOD_01,optimal,confused,moderate
STU_1123,MOD_02,optimal,clear,moderate
STU_1123,MOD_03,slow,confused,high
STU_1123,MOD_04,optimal,clear,high
STU_1123,MOD_05,rushed,confused,moderate
STU_1123,MOD_06,rushed,clear,moderate
STU_1124,MOD_01,rushed,clear,moderate
STU_1124,MOD_02,rushed,clear,high
STU_1124,MOD_03,optimal,clear,moderate
STU_1124,MOD_04,rushed,clear,high
STU_1124,MOD_05,optimal,fragmented,moderate
STU_1124,MOD_06,optimal,clear,high
STU_1125,MOD_01,rushed,clear,high
STU_1125,MOD_02,rushed,clear,high
STU_1125,MOD_03,rushed,clear,high
STU_1125,MOD_04,rushed,clear,moderate
STU_1125,MOD_05,optimal,confused,depleted
STU_1125,MOD_06,optimal,clear,moderate
STU_1126,MOD_01,optimal,clear,high
STU_1126,MOD_02,optimal,confused,moderate
STU_1126,MOD_03,optimal,clear,high
STU_1126,MOD_04,optimal,clear,moderate
STU_1126,MOD_05,optimal,confused,high
STU_1126,MOD_06,rushed,clear,high
STU_1127,MOD_01,optimal,clear,high
STU_1127,MOD_02,optimal,clear,high
STU_1127,MOD_03,rushed,clear,high
STU_1127,MOD_04,optimal,confused,moderate
STU_1127,MOD_05,optimal,fragmented,moderate
STU_1127,MOD_06,optimal,clear,moderate
STU_1128,MOD_01,optimal,fragmented,high
STU_1128,MOD_02,rushed,clear,high
STU_1128,MOD_03,rushed,clear,moderate
STU_1128,MOD_04,optimal,clear,depleted
STU_1128,MOD_05,rushed,fragmented,high
STU_1128,MOD_06,optimal,clear,moderate
STU_1129,MOD_01,optimal,fragmented,high
STU_1129,MOD_02,optimal,clear,high
STU_1129,MOD_03,rushed,clear,high
STU_1129,MOD_04,optimal,confused,moderate
STU_1129,MOD_05,optimal,clear,high
STU_1129,MOD_06,rushed,clear,moderate
STU_1130,MOD_01,optimal,clear,high
STU_1130,MOD_02,rushed,clear,high
STU_1130,MOD_03,rushed,clear,depleted
STU_1130,MOD_04,optimal,confused,moderate
STU_1130,MOD_05,optimal,clear,moderate
STU_1130,MOD_06,rushed,clear,moderate
STU_1131,MOD_01,slow,confused,moderate
STU_1131,MOD_02,optimal,confused,high
STU_1131,MOD_03,optimal,clear,moderate
STU_1131,MOD_04,rushed,confused,depleted
STU_1131,MOD_05,rushed,clear,depleted
STU_1131,MOD_06,optimal,confused,moderate
STU_1132,MOD_01,optimal,clear,moderate
STU_1132,MOD_02,optimal,clear,high
STU_1132,MOD_03,optimal,confused,depleted
STU_1132,MOD_04,rushed,confused,moderate
STU_1132,MOD_05,optimal,fragmented,high
STU_1132,MOD_06,rushed,confused,moderate
STU_1133,MOD_01,optimal,clear,moderate
STU_1133,MOD_02,optimal,clear,high
STU_1133,MOD_03,optimal,clear,high
STU_1133,MOD_04,optimal,confused,moderate
STU_1133,MOD_05,rushed,clear,moderate
STU_1133,MOD_06,optimal,clear,high
STU_1134,MOD_01,rushed,fragmented,moderate
STU_1134,MOD_02,optimal,clear,high
STU_1134,MOD_03,optimal,confused,moderate
STU_1134,MOD_04,rushed,confused,depleted
STU_1134,MOD_05,optimal,confused,depleted
STU_1134,MOD_06,optimal,clear,moderate
STU_1135,MOD_01,optimal,clear,high
STU_1135,MOD_02,optimal,clear,moderate
STU_1135,MOD_03,optimal,clear,depleted
STU_1135,MOD_04,optimal,clear,high
STU_1135,MOD_05,optimal,confused,moderate
STU_1135,MOD_06,rushed,clear,moderate
STU_1136,MOD_01,optimal,clear,moderate
STU_1136,MOD_02,optimal,clear,moderate
STU_1136,MOD_03,rushed,clear,high
STU_1136,MOD_04,optimal,fragmented,moderate
STU_1136,MOD_05,optimal,confused,high
STU_1136,MOD_06,optimal,clear,moderate
STU_1137,MOD_01,optimal,clear,moderate
STU_1137,MOD_02,optimal,clear,moderate
STU_1137,MOD_03,optimal,clear,high
STU_1137,MOD_04,rushed,confused,high
STU_1137,MOD_05,optimal,clear,high
STU_1137,MOD_06,optimal,clear,moderate
STU_1138,MOD_01,rushed,clear,high
STU_1138,MOD_02,optimal,clear,high
STU_1138,MOD_03,optimal,clear,high
STU_1138,MOD_04,optimal,clear,high
STU_1138,MOD_05,optimal,clear,moderate
STU_1138,MOD_06,optimal,clear,depleted
STU_1139,MOD_01,optimal,clear,depleted
STU_1139,MOD_02,rushed,clear,high
STU_1139,MOD_03,rushed,clear,moderate
STU_1139,MOD_04,rushed,clear,moderate
STU_1139,MOD_05,optimal,fragmented,moderate
STU_1139,MOD_06,slow,clear,high
STU_1140,MOD_01,optimal,clear,high
STU_1140,MOD_02,optimal,fragmented,high
STU_1140,MOD_03,rushed,clear,high
STU_1140,MOD_04,rushed,clear,high
STU_1140,MOD_05,optimal,clear,moderate
STU_1140,MOD_06,optimal,clear,moderate
STU_1141,MOD_01,optimal,clear,moderate
STU_1141,MOD_02,optimal,clear,high
STU_1141,MOD_03,optimal,clear,high
STU_1141,MOD_04,optimal,clear,moderate
STU_1141,MOD_05,rushed,confused,high
STU_1141,MOD_06,optimal,clear,high
STU_1142,MOD_01,optimal,confused,high
STU_1142,MOD_02,optimal,clear,high
STU_1142,MOD_03,rushed,clear,high
STU_1142,MOD_04,rushed,clear,moderate
STU_1142,MOD_05,rushed,clear,depleted
STU_1142,MOD_06,optimal,clear,high
STU_1143,MOD_01,optimal,clear,depleted
STU_1143,MOD_02,rushed,clear,moderate
STU_1143,MOD_03,optimal,clear,high
STU_1143,MOD_04,rushed,clear,moderate
STU_1143,MOD_05,optimal,clear,high
STU_1143,MOD_06,rushed,clear,moderate
STU_1144,MOD_01,optimal,clear,moderate
STU_1144,MOD_02,optimal,clear,high
STU_1144,MOD_03,rushed,clear,high
STU_1144,MOD_04,rushed,clear,moderate
STU_1144,MOD_05,optimal,clear,high
STU_1144,MOD_06,slow,confused,depleted
STU_1145,MOD_01,optimal,fragmented,high
STU_1145,MOD_02,optimal,clear,high
STU_1145,MOD_03,rushed,clear,moderate
STU_1145,MOD_04,rushed,clear,depleted
STU_1145,MOD_05,optimal,clear,moderate
STU_1145,MOD_06,optimal,clear,depleted
STU_1146,MOD_01,optimal,confused,moderate
STU_1146,MOD_02,rushed,clear,high
STU_1146,MOD_03,optimal,clear,high
STU_1146,MOD_04,slow,clear,high
STU_1146,MOD_05,optimal,confused,high
STU_1146,MOD_06,optimal,confused,moderate
STU_1147,MOD_01,optimal,clear,high
STU_1147,MOD_02,optimal,clear,high
STU_1147,MOD_03,optimal,fragmented,moderate
STU_1147,MOD_04,optimal,clear,depleted
STU_1147,MOD_05,rushed,fragmented,depleted
STU_1147,MOD_06,optimal,fragmented,moderate
STU_1148,MOD_01,optimal,clear,high
STU_1148,MOD_02,optimal,fragmented,high
STU_1148,MOD_03,optimal,confused,moderate
STU_1148,MOD_04,slow,clear,depleted
STU_1148,MOD_05,optimal,clear,moderate
STU_1148,MOD_06,optimal,clear,moderate
STU_1149,MOD_01,rushed,clear,moderate
STU_1149,MOD_02,optimal,clear,high
STU_1149,MOD_03,rushed,confused,high
STU_1149,MOD_04,optimal,clear,high
STU_1149,MOD_05,optimal,confused,high
STU_1149,MOD_06,optimal,clear,moderate
STU_1150,MOD_01,rushed,clear,high
STU_1150,MOD_02,optimal,fragmented,high
STU_1150,MOD_03,optimal,clear,high
STU_1150,MOD_04,optimal,fragmented,depleted
STU_1150,MOD_05,optimal,clear,moderate
STU_1150,MOD_06,optimal,clear,high
STU_1151,MOD_01,optimal,clear,moderate
STU_1151,MOD_02,rushed,clear,high
STU_1151,MOD_03,rushed,clear,high
STU_1151,MOD_04,optimal,clear,depleted
STU_1151,MOD_05,optimal,clear,moderate
STU_1151,MOD_06,optimal,clear,high
STU_1152,MOD_01,optimal,confused,moderate
STU_1152,MOD_02,optimal,clear,high
STU_1152,MOD_03,optimal,clear,high
STU_1152,MOD_04,rushed,clear,depleted
STU_1152,MOD_05,optimal,clear,high
STU_1152,MOD_06,optimal,clear,moderate
STU_1153,MOD_01,optimal,clear,moderate
STU_1153,MOD_02,optimal,clear,high
STU_1153,MOD_03,optimal,clear,high
STU_1153,MOD_04,rushed,clear,high
STU_1153,MOD_05,optimal,clear,moderate
STU_1153,MOD_06,optimal,clear,depleted
STU_1154,MOD_01,optimal,clear,high
STU_1154,MOD_02,rushed,clear,depleted
STU_1154,MOD_03,rushed,clear,moderate
STU_1154,MOD_04,optimal,clear,high
STU_1154,MOD_05,optimal,confused,moderate
STU_1154,MOD_06,rushed,clear,depleted
STU_1155,MOD_01,slow,clear,high
STU_1155,MOD_02,optimal,clear,high
STU_1155,MOD_03,rushed,clear,high
STU_1155,MOD_04,optimal,clear,depleted
STU_1155,MOD_05,rushed,clear,moderate
STU_1155,MOD_06,optimal,clear,depleted
STU_1156,MOD_01,optimal,clear,high
STU_1156,MOD_02,optimal,confused,moderate
STU_1156,MOD_03,optimal,clear,moderate
STU_1156,MOD_04,optimal,confused,depleted
STU_1156,MOD_05,optimal,confused,high
STU_1156,MOD_06,optimal,clear,depleted
STU_1157,MOD_01,optimal,clear,high
STU_1157,MOD_02,optimal,clear,high
STU_1157,MOD_03,rushed,clear,moderate
STU_1157,MOD_04,rushed,clear,depleted
STU_1157,MOD_05,rushed,confused,depleted
STU_1157,MOD_06,optimal,clear,depleted
STU_1158,MOD_01,optimal,fragmented,high
STU_1158,MOD_02,optimal,clear,moderate
STU_1158,MOD_03,rushed,confused,high
STU_1158,MOD_04,rushed,clear,depleted
STU_1158,MOD_05,rushed,clear,moderate
STU_1158,MOD_06,optimal,clear,depleted
STU_1159,MOD_01,optimal,clear,moderate
STU_1159,MOD_02,optimal,clear,moderate
STU_1159,MOD_03,rushed,clear,high
STU_1159,MOD_04,rushed,clear,moderate
STU_1159,MOD_05,optimal,confused,moderate
STU_1159,MOD_06,rushed,clear,high
STU_1160,MOD_01,optimal,clear,high
STU_1160,MOD_02,optimal,confused,high
STU_1160,MOD_03,optimal,clear,high
STU_1160,MOD_04,rushed,confused,high
STU_1160,MOD_05,optimal,clear,moderate
STU_1160,MOD_06,slow,clear,moderate
STU_1161,MOD_01,slow,clear,high
STU_1161,MOD_02,optimal,clear,high
STU_1161,MOD_03,rushed,clear,high
STU_1161,MOD_04,rushed,clear,high
STU_1161,MOD_05,optimal,confused,depleted
STU_1161,MOD_06,optimal,clear,high
STU_1162,MOD_01,optimal,clear,high
STU_1162,MOD_02,optimal,clear,high
STU_1162,MOD_03,rushed,fragmented,high
STU_1162,MOD_04,optimal,confused,moderate
STU_1162,MOD_05,optimal,clear,moderate
STU_1162,MOD_06,optimal,confused,high
STU_1163,MOD_01,optimal,clear,moderate
STU_1163,MOD_02,optimal,clear,moderate
STU_1163,MOD_03,optimal,clear,high
STU_1163,MOD_04,optimal,clear,moderate
STU_1163,MOD_05,slow,clear,moderate
STU_1163,MOD_06,rushed,clear,depleted
STU_1164,MOD_01,rushed,clear,high
STU_1164,MOD_02,optimal,confused,high
STU_1164,MOD_03,rushed,clear,moderate
STU_1164,MOD_04,rushed,clear,moderate
STU_1164,MOD_05,optimal,clear,moderate
STU_1164,MOD_06,rushed,clear,depleted
STU_1165,MOD_01,rushed,clear,high
STU_1165,MOD_02,optimal,clear,high
STU_1165,MOD_03,optimal,clear,high
STU_1165,MOD_04,optimal,clear,depleted
STU_1165,MOD_05,optimal,confused,moderate
STU_1165,MOD_06,optimal,clear,high
STU_1166,MOD_01,optimal,clear,high
STU_1166,MOD_02,rushed,clear,moderate
STU_1166,MOD_03,optimal,clear,high
STU_1166,MOD_04,rushed,confused,moderate
STU_1166,MOD_05,optimal,clear,moderate
STU_1166,MOD_06,optimal,clear,moderate
STU_1167,MOD_01,optimal,confused,high
STU_1167,MOD_02,optimal,clear,high
STU_1167,MOD_03,rushed,clear,high
STU_1167,MOD_04,rushed,clear,depleted
STU_1167,MOD_05,rushed,confused,moderate
STU_1167,MOD_06,optimal,clear,high
STU_1168,MOD_01,rushed,clear,moderate
STU_1168,MOD_02,optimal,confused,moderate
STU_1168,MOD_03,rushed,clear,high
STU_1168,MOD_04,rushed,clear,moderate
STU_1168,MOD_05,optimal,clear,moderate
STU_1168,MOD_06,optimal,clear,depleted
STU_1169,MOD_01,optimal,clear,high
STU_1169,MOD_02,optimal,confused,high
STU_1169,MOD_03,rushed,clear,high
STU_1169,MOD_04,rushed,confused,moderate
STU_1169,MOD_05,optimal,confused,depleted
STU_1169,MOD_06,optimal,clear,high
STU_1170,MOD_01,rushed,clear,high
STU_1170,MOD_02,rushed,clear,high
STU_1170,MOD_03,optimal,clear,high
STU_1170,MOD_04,rushed,clear,high
STU_1170,MOD_05,rushed,confused,high
STU_1170,MOD_06,optimal,clear,high
STU_1171,MOD_01,optimal,clear,high
STU_1171,MOD_02,optimal,clear,high
STU_1171,MOD_03,slow,clear,high
STU_1171,MOD_04,rushed,clear,moderate
STU_1171,MOD_05,optimal,confused,high
STU_1171,MOD_06,optimal,clear,depleted
STU_1172,MOD_01,optimal,clear,high
STU_1172,MOD_02,rushed,clear,high
STU_1172,MOD_03,optimal,clear,high
STU_1172,MOD_04,optimal,clear,moderate
STU_1172,MOD_05,optimal,clear,moderate
STU_1172,MOD_06,rushed,clear,moderate
STU_1173,MOD_01,optimal,clear,high
STU_1173,MOD_02,optimal,clear,moderate
STU_1173,MOD_03,optimal,confused,high
STU_1173,MOD_04,rushed,confused,moderate
STU_1173,MOD_05,rushed,confused,depleted
STU_1173,MOD_06,optimal,clear,high
STU_1174,MOD_01,optimal,clear,high
STU_1174,MOD_02,optimal,clear,high
STU_1174,MOD_03,slow,clear,high
STU_1174,MOD_04,rushed,clear,depleted
STU_1174,MOD_05,optimal,fragmented,moderate
STU_1174,MOD_06,optimal,clear,moderate
STU_1175,MOD_01,rushed,clear,high
STU_1175,MOD_02,optimal,clear,moderate
STU_1175,MOD_03,rushed,clear,moderate
STU_1175,MOD_04,optimal,clear,moderate
STU_1175,MOD_05,optimal,clear,high
STU_1175,MOD_06,optimal,clear,moderate
STU_1176,MOD_01,optimal,clear,high
STU_1176,MOD_02,optimal,clear,moderate
STU_1176,MOD_03,rushed,clear,moderate
STU_1176,MOD_04,optimal,fragmented,moderate
STU_1176,MOD_05,optimal,confused,depleted
STU_1176,MOD_06,optimal,clear,high
STU_1177,MOD_01,optimal,clear,high
STU_1177,MOD_02,optimal,clear,high
STU_1177,MOD_03,rushed,confused,high
STU_1177,MOD_04,rushed,clear,moderate
STU_1177,MOD_05,optimal,confused,moderate
STU_1177,MOD_06,optimal,clear,moderate
STU_1178,MOD_01,optimal,clear,high
STU_1178,MOD_02,optimal,clear,moderate
STU_1178,MOD_03,rushed,clear,high
STU_1178,MOD_04,optimal,confused,moderate
STU_1178,MOD_05,optimal,clear,high
STU_1178,MOD_06,optimal,clear,moderate
STU_1179,MOD_01,optimal,clear,moderate
STU_1179,MOD_02,optimal,clear,high
STU_1179,MOD_03,optimal,clear,moderate
STU_1179,MOD_04,optimal,clear,depleted
STU_1179,MOD_05,slow,confused,moderate
STU_1179,MOD_06,optimal,clear,high
STU_1180,MOD_01,slow,clear,moderate
STU_1180,MOD_02,optimal,confused,depleted
STU_1180,MOD_03,rushed,clear,high
STU_1180,MOD_04,rushed,clear,high
STU_1180,MOD_05,optimal,clear,high
STU_1180,MOD_06,optimal,clear,high
STU_1181,MOD_01,optimal,clear,high
STU_1181,MOD_02,optimal,clear,high
STU_1181,MOD_03,optimal,confused,high
STU_1181,MOD_04,optimal,fragmented,moderate
STU_1181,MOD_05,optimal,confused,high
STU_1181,MOD_06,optimal,clear,depleted
STU_1182,MOD_01,optimal,clear,high
STU_1182,MOD_02,slow,fragmented,high
STU_1182,MOD_03,optimal,clear,high
STU_1182,MOD_04,rushed,clear,moderate
STU_1182,MOD_05,optimal,clear,depleted
STU_1182,MOD_06,rushed,clear,moderate
STU_1183,MOD_01,optimal,clear,high
STU_1183,MOD_02,optimal,clear,high
STU_1183,MOD_03,optimal,clear,moderate
STU_1183,MOD_04,optimal,clear,high
STU_1183,MOD_05,optimal,confused,moderate
STU_1183,MOD_06,optimal,confused,depleted
STU_1184,MOD_01,optimal,clear,high
STU_1184,MOD_02,optimal,clear,moderate
STU_1184,MOD_03,optimal,clear,high
STU_1184,MOD_04,rushed,clear,moderate
STU_1184,MOD_05,rushed,confused,depleted
STU_1184,MOD_06,optimal,clear,high
STU_1185,MOD_01,optimal,clear,moderate
STU_1185,MOD_02,optimal,confused,depleted
STU_1185,MOD_03,rushed,confused,high
STU_1185,MOD_04,slow,clear,depleted
STU_1185,MOD_05,rushed,clear,high
STU_1185,MOD_06,slow,confused,depleted
STU_1186,MOD_01,rushed,clear,high
STU_1186,MOD_02,optimal,clear,high
STU_1186,MOD_03,rushed,clear,high
STU_1186,MOD_04,rushed,fragmented,depleted
STU_1186,MOD_05,slow,clear,moderate
STU_1186,MOD_06,optimal,clear,moderate
STU_1187,MOD_01,rushed,clear,high
STU_1187,MOD_02,optimal,clear,high
STU_1187,MOD_03,optimal,clear,high
STU_1187,MOD_04,optimal,clear,high
STU_1187,MOD_05,optimal,clear,moderate
STU_1187,MOD_06,optimal,clear,moderate
STU_1188,MOD_01,rushed,clear,high
STU_1188,MOD_02,optimal,clear,high
STU_1188,MOD_03,rushed,confused,high
STU_1188,MOD_04,rushed,clear,moderate
STU_1188,MOD_05,optimal,confused,moderate
STU_1188,MOD_06,optimal,clear,moderate
STU_1189,MOD_01,slow,confused,high
STU_1189,MOD_02,rushed,clear,moderate
STU_1189,MOD_03,rushed,clear,moderate
STU_1189,MOD_04,rushed,confused,moderate
STU_1189,MOD_05,optimal,clear,depleted
STU_1189,MOD_06,rushed,clear,depleted
STU_1190,MOD_01,optimal,clear,high
STU_1190,MOD_02,optimal,clear,high
STU_1190,MOD_03,rushed,clear,high
STU_1190,MOD_04,optimal,clear,high
STU_1190,MOD_05,optimal,clear,moderate
STU_1190,MOD_06,optimal,confused,depleted
STU_1191,MOD_01,rushed,clear,moderate
STU_1191,MOD_02,optimal,clear,high
STU_1191,MOD_03,optimal,clear,high
STU_1191,MOD_04,optimal,clear,high
STU_1191,MOD_05,optimal,clear,high
STU_1191,MOD_06,rushed,confused,moderate
STU_1192,MOD_01,optimal,clear,high
STU_1192,MOD_02,optimal,clear,high
STU_1192,MOD_03,optimal,clear,high
STU_1192,MOD_04,rushed,clear,depleted
STU_1192,MOD_05,optimal,clear,moderate
STU_1192,MOD_06,rushed,clear,moderate
STU_1193,MOD_01,slow,clear,high
STU_1193,MOD_02,optimal,clear,high
STU_1193,MOD_03,rushed,clear,high
STU_1193,MOD_04,optimal,fragmented,moderate
STU_1193,MOD_05,optimal,clear,high
STU_1193,MOD_06,optimal,clear,moderate
STU_1194,MOD_01,rushed,clear,high
STU_1194,MOD_02,rushed,clear,high
STU_1194,MOD_03,optimal,clear,high
STU_1194,MOD_04,rushed,confused,high
STU_1194,MOD_05,optimal,clear,moderate
STU_1194,MOD_06,optimal,clear,moderate
STU_1195,MOD_01,optimal,clear,high
STU_1195,MOD_02,optimal,clear,moderate
STU_1195,MOD_03,rushed,clear,high
STU_1195,MOD_04,slow,confused,depleted
STU_1195,MOD_05,optimal,confused,moderate
STU_1195,MOD_06,optimal,confused,depleted
STU_1196,MOD_01,optimal,clear,high
STU_1196,MOD_02,slow,clear,moderate
STU_1196,MOD_03,optimal,clear,depleted
STU_1196,MOD_04,rushed,clear,high
STU_1196,MOD_05,optimal,clear,moderate
STU_1196,MOD_06,optimal,confused,high
STU_1197,MOD_01,optimal,clear,high
STU_1197,MOD_02,rushed,clear,high
STU_1197,MOD_03,slow,clear,high
STU_1197,MOD_04,rushed,clear,moderate
STU_1197,MOD_05,optimal,confused,moderate
STU_1197,MOD_06,optimal,confused,moderate
STU_1198,MOD_01,rushed,clear,moderate
STU_1198,MOD_02,optimal,clear,moderate
STU_1198,MOD_03,optimal,confused,high
STU_1198,MOD_04,optimal,clear,high
STU_1198,MOD_05,rushed,clear,moderate
STU_1198,MOD_06,optimal,clear,moderate
STU_1199,MOD_01,optimal,clear,high
STU_1199,MOD_02,optimal,clear,high
STU_1199,MOD_03,rushed,clear,moderate
STU_1199,MOD_04,rushed,confused,moderate
STU_1199,MOD_05,optimal,confused,moderate
STU_1199,MOD_06,optimal,confused,high
STU_1200,MOD_01,rushed,confused,moderate
STU_1200,MOD_02,rushed,clear,high
STU_1200,MOD_03,rushed,fragmented,high
STU_1200,MOD_04,rushed,clear,moderate
STU_1200,MOD_05,rushed,confused,moderate
STU_1200,MOD_06,rushed,clear,moderate
